Reason for the trip;Gastos y duración media de los viajes;Type of data;Periodo;Total
Total;Total expenditure;Base data;2022;87.061,25
Total;Total expenditure;Base data;2021;34.903,37
Total;Total expenditure;Base data;2020;19.786,78
Total;Total expenditure;Base data;2019;91.911,97
Total;Total expenditure;Base data;2018;89.750,75
Total;Total expenditure;Base data;2017;87.003,93
Total;Total expenditure;Base data;2016;77.415,54
Total;Total expenditure;Annual variation rate;2022;149,44
Total;Total expenditure;Annual variation rate;2021;76,4
Total;Total expenditure;Annual variation rate;2020;-78,47
Total;Total expenditure;Annual variation rate;2019;2,41
Total;Total expenditure;Annual variation rate;2018;3,16
Total;Total expenditure;Annual variation rate;2017;12,39
Total;Total expenditure;Annual variation rate;2016;9,21
Total;Average expenditure per person;Base data;2022;1.217
Total;Average expenditure per person;Base data;2021;1.119
Total;Average expenditure per person;Base data;2020;1.045
Total;Average expenditure per person;Base data;2019;1.101
Total;Average expenditure per person;Base data;2018;1.084
Total;Average expenditure per person;Base data;2017;1.063
Total;Average expenditure per person;Base data;2016;1.028
Total;Average expenditure per person;Annual variation rate;2022;8,68
Total;Average expenditure per person;Annual variation rate;2021;7,11
Total;Average expenditure per person;Annual variation rate;2020;-5,05
Total;Average expenditure per person;Annual variation rate;2019;1,55
Total;Average expenditure per person;Annual variation rate;2018;1,99
Total;Average expenditure per person;Annual variation rate;2017;3,39
Total;Average expenditure per person;Annual variation rate;2016;-1,14
Total;Average daily expenditure per person.;Base data;2022;162
Total;Average daily expenditure per person.;Base data;2021;137
Total;Average daily expenditure per person.;Base data;2020;134
Total;Average daily expenditure per person.;Base data;2019;155
Total;Average daily expenditure per person.;Base data;2018;146
Total;Average daily expenditure per person.;Base data;2017;137
Total;Average daily expenditure per person.;Base data;2016;130
Total;Average daily expenditure per person.;Annual variation rate;2022;17,75
Total;Average daily expenditure per person.;Annual variation rate;2021;2,78
Total;Average daily expenditure per person.;Annual variation rate;2020;-13,59
Total;Average daily expenditure per person.;Annual variation rate;2019;6,32
Total;Average daily expenditure per person.;Annual variation rate;2018;6
Total;Average daily expenditure per person.;Annual variation rate;2017;5,24
Total;Average daily expenditure per person.;Annual variation rate;2016;4,08
Total;Average duration of the trips;Base data;2022;7,52
Total;Average duration of the trips;Base data;2021;8,15
Total;Average duration of the trips;Base data;2020;7,82
Total;Average duration of the trips;Base data;2019;7,11
Total;Average duration of the trips;Base data;2018;7,45
Total;Average duration of the trips;Base data;2017;7,74
Total;Average duration of the trips;Base data;2016;7,88
Total;Average duration of the trips;Annual variation rate;2022;-7,7
Total;Average duration of the trips;Annual variation rate;2021;4,21
Total;Average duration of the trips;Annual variation rate;2020;9,88
Total;Average duration of the trips;Annual variation rate;2019;-4,49
Total;Average duration of the trips;Annual variation rate;2018;-3,78
Total;Average duration of the trips;Annual variation rate;2017;-1,76
Total;Average duration of the trips;Annual variation rate;2016;-5,01
Business, professional reasons;Total expenditure;Base data;2022;5.434,72
Business, professional reasons;Total expenditure;Base data;2021;2.234,57
Business, professional reasons;Total expenditure;Base data;2020;1.396,65
Business, professional reasons;Total expenditure;Base data;2019;6.042,04
Business, professional reasons;Total expenditure;Base data;2018;5.447,71
Business, professional reasons;Total expenditure;Base data;2017;5.451,85
Business, professional reasons;Total expenditure;Base data;2016;5.322,84
Business, professional reasons;Total expenditure;Annual variation rate;2022;143,21
Business, professional reasons;Total expenditure;Annual variation rate;2021;60
Business, professional reasons;Total expenditure;Annual variation rate;2020;-76,88
Business, professional reasons;Total expenditure;Annual variation rate;2019;10,91
Business, professional reasons;Total expenditure;Annual variation rate;2018;-0,08
Business, professional reasons;Total expenditure;Annual variation rate;2017;2,42
Business, professional reasons;Total expenditure;Annual variation rate;2016;4,1
Business, professional reasons;Average expenditure per person;Base data;2022;1.238
Business, professional reasons;Average expenditure per person;Base data;2021;1.076
Business, professional reasons;Average expenditure per person;Base data;2020;1.038
Business, professional reasons;Average expenditure per person;Base data;2019;1.117
Business, professional reasons;Average expenditure per person;Base data;2018;1.084
Business, professional reasons;Average expenditure per person;Base data;2017;1.155
Business, professional reasons;Average expenditure per person;Base data;2016;1.137
Business, professional reasons;Average expenditure per person;Annual variation rate;2022;15,02
Business, professional reasons;Average expenditure per person;Annual variation rate;2021;3,73
Business, professional reasons;Average expenditure per person;Annual variation rate;2020;-7,11
Business, professional reasons;Average expenditure per person;Annual variation rate;2019;3
Business, professional reasons;Average expenditure per person;Annual variation rate;2018;-6,1
Business, professional reasons;Average expenditure per person;Annual variation rate;2017;1,54
Business, professional reasons;Average expenditure per person;Annual variation rate;2016;7,49
Business, professional reasons;Average daily expenditure per person.;Base data;2022;203
Business, professional reasons;Average daily expenditure per person.;Base data;2021;171
Business, professional reasons;Average daily expenditure per person.;Base data;2020;184
Business, professional reasons;Average daily expenditure per person.;Base data;2019;218
Business, professional reasons;Average daily expenditure per person.;Base data;2018;209
Business, professional reasons;Average daily expenditure per person.;Base data;2017;192
Business, professional reasons;Average daily expenditure per person.;Base data;2016;202
Business, professional reasons;Average daily expenditure per person.;Annual variation rate;2022;18,98
Business, professional reasons;Average daily expenditure per person.;Annual variation rate;2021;-7
Business, professional reasons;Average daily expenditure per person.;Annual variation rate;2020;-15,77
Business, professional reasons;Average daily expenditure per person.;Annual variation rate;2019;4,42
Business, professional reasons;Average daily expenditure per person.;Annual variation rate;2018;8,52
Business, professional reasons;Average daily expenditure per person.;Annual variation rate;2017;-4,83
Business, professional reasons;Average daily expenditure per person.;Annual variation rate;2016;13,78
Business, professional reasons;Average duration of the trips;Base data;2022;6,09
Business, professional reasons;Average duration of the trips;Base data;2021;6,3
Business, professional reasons;Average duration of the trips;Base data;2020;5,65
Business, professional reasons;Average duration of the trips;Base data;2019;5,12
Business, professional reasons;Average duration of the trips;Base data;2018;5,2
Business, professional reasons;Average duration of the trips;Base data;2017;6
Business, professional reasons;Average duration of the trips;Base data;2016;5,63
Business, professional reasons;Average duration of the trips;Annual variation rate;2022;-3,33
Business, professional reasons;Average duration of the trips;Annual variation rate;2021;11,54
Business, professional reasons;Average duration of the trips;Annual variation rate;2020;10,29
Business, professional reasons;Average duration of the trips;Annual variation rate;2019;-1,36
Business, professional reasons;Average duration of the trips;Annual variation rate;2018;-13,48
Business, professional reasons;Average duration of the trips;Annual variation rate;2017;6,69
Business, professional reasons;Average duration of the trips;Annual variation rate;2016;-5,53
Asistencia a ferias, congresos y convenciones;Total expenditure;Base data;2022;247,03
Asistencia a ferias, congresos y convenciones;Total expenditure;Base data;2021;.
Asistencia a ferias, congresos y convenciones;Total expenditure;Base data;2020;.
Asistencia a ferias, congresos y convenciones;Total expenditure;Base data;2019;316,67
Asistencia a ferias, congresos y convenciones;Total expenditure;Base data;2018;248,91
Asistencia a ferias, congresos y convenciones;Total expenditure;Base data;2017;393,36
Asistencia a ferias, congresos y convenciones;Total expenditure;Base data;2016;581,32
Asistencia a ferias, congresos y convenciones;Total expenditure;Annual variation rate;2022;614,9
Asistencia a ferias, congresos y convenciones;Total expenditure;Annual variation rate;2021;.
Asistencia a ferias, congresos y convenciones;Total expenditure;Annual variation rate;2020;.
Asistencia a ferias, congresos y convenciones;Total expenditure;Annual variation rate;2019;27,22
Asistencia a ferias, congresos y convenciones;Total expenditure;Annual variation rate;2018;-36,72
Asistencia a ferias, congresos y convenciones;Total expenditure;Annual variation rate;2017;-32,33
Asistencia a ferias, congresos y convenciones;Total expenditure;Annual variation rate;2016;-25,18
Asistencia a ferias, congresos y convenciones;Average expenditure per person;Base data;2022;1.188
Asistencia a ferias, congresos y convenciones;Average expenditure per person;Base data;2021;.
Asistencia a ferias, congresos y convenciones;Average expenditure per person;Base data;2020;.
Asistencia a ferias, congresos y convenciones;Average expenditure per person;Base data;2019;1.367
Asistencia a ferias, congresos y convenciones;Average expenditure per person;Base data;2018;1.259
Asistencia a ferias, congresos y convenciones;Average expenditure per person;Base data;2017;1.418
Asistencia a ferias, congresos y convenciones;Average expenditure per person;Base data;2016;1.324
Asistencia a ferias, congresos y convenciones;Average expenditure per person;Annual variation rate;2022;21,76
Asistencia a ferias, congresos y convenciones;Average expenditure per person;Annual variation rate;2021;.
Asistencia a ferias, congresos y convenciones;Average expenditure per person;Annual variation rate;2020;.
Asistencia a ferias, congresos y convenciones;Average expenditure per person;Annual variation rate;2019;8,58
Asistencia a ferias, congresos y convenciones;Average expenditure per person;Annual variation rate;2018;-11,18
Asistencia a ferias, congresos y convenciones;Average expenditure per person;Annual variation rate;2017;7,07
Asistencia a ferias, congresos y convenciones;Average expenditure per person;Annual variation rate;2016;21,01
Asistencia a ferias, congresos y convenciones;Average daily expenditure per person.;Base data;2022;306
Asistencia a ferias, congresos y convenciones;Average daily expenditure per person.;Base data;2021;.
Asistencia a ferias, congresos y convenciones;Average daily expenditure per person.;Base data;2020;.
Asistencia a ferias, congresos y convenciones;Average daily expenditure per person.;Base data;2019;299
Asistencia a ferias, congresos y convenciones;Average daily expenditure per person.;Base data;2018;339
Asistencia a ferias, congresos y convenciones;Average daily expenditure per person.;Base data;2017;320
Asistencia a ferias, congresos y convenciones;Average daily expenditure per person.;Base data;2016;331
Asistencia a ferias, congresos y convenciones;Average daily expenditure per person.;Annual variation rate;2022;32,42
Asistencia a ferias, congresos y convenciones;Average daily expenditure per person.;Annual variation rate;2021;.
Asistencia a ferias, congresos y convenciones;Average daily expenditure per person.;Annual variation rate;2020;.
Asistencia a ferias, congresos y convenciones;Average daily expenditure per person.;Annual variation rate;2019;-11,83
Asistencia a ferias, congresos y convenciones;Average daily expenditure per person.;Annual variation rate;2018;5,91
Asistencia a ferias, congresos y convenciones;Average daily expenditure per person.;Annual variation rate;2017;-3,21
Asistencia a ferias, congresos y convenciones;Average daily expenditure per person.;Annual variation rate;2016;12,18
Asistencia a ferias, congresos y convenciones;Average duration of the trips;Base data;2022;3,88
Asistencia a ferias, congresos y convenciones;Average duration of the trips;Base data;2021;.
Asistencia a ferias, congresos y convenciones;Average duration of the trips;Base data;2020;.
Asistencia a ferias, congresos y convenciones;Average duration of the trips;Base data;2019;4,57
Asistencia a ferias, congresos y convenciones;Average duration of the trips;Base data;2018;3,71
Asistencia a ferias, congresos y convenciones;Average duration of the trips;Base data;2017;4,42
Asistencia a ferias, congresos y convenciones;Average duration of the trips;Base data;2016;4
Asistencia a ferias, congresos y convenciones;Average duration of the trips;Annual variation rate;2022;-8,04
Asistencia a ferias, congresos y convenciones;Average duration of the trips;Annual variation rate;2021;.
Asistencia a ferias, congresos y convenciones;Average duration of the trips;Annual variation rate;2020;.
Asistencia a ferias, congresos y convenciones;Average duration of the trips;Annual variation rate;2019;23,15
Asistencia a ferias, congresos y convenciones;Average duration of the trips;Annual variation rate;2018;-16,13
Asistencia a ferias, congresos y convenciones;Average duration of the trips;Annual variation rate;2017;10,62
Asistencia a ferias, congresos y convenciones;Average duration of the trips;Annual variation rate;2016;7,87
Trabajador estacional temporero;Total expenditure;Base data;2022;301,73
Trabajador estacional temporero;Total expenditure;Base data;2021;.
Trabajador estacional temporero;Total expenditure;Base data;2020;.
Trabajador estacional temporero;Total expenditure;Base data;2019;343,19
Trabajador estacional temporero;Total expenditure;Base data;2018;495,36
Trabajador estacional temporero;Total expenditure;Base data;2017;421,04
Trabajador estacional temporero;Total expenditure;Base data;2016;321,79
Trabajador estacional temporero;Total expenditure;Annual variation rate;2022;114,88
Trabajador estacional temporero;Total expenditure;Annual variation rate;2021;.
Trabajador estacional temporero;Total expenditure;Annual variation rate;2020;.
Trabajador estacional temporero;Total expenditure;Annual variation rate;2019;-30,72
Trabajador estacional temporero;Total expenditure;Annual variation rate;2018;17,65
Trabajador estacional temporero;Total expenditure;Annual variation rate;2017;30,84
Trabajador estacional temporero;Total expenditure;Annual variation rate;2016;-6,98
Trabajador estacional temporero;Average expenditure per person;Base data;2022;913
Trabajador estacional temporero;Average expenditure per person;Base data;2021;.
Trabajador estacional temporero;Average expenditure per person;Base data;2020;.
Trabajador estacional temporero;Average expenditure per person;Base data;2019;1.091
Trabajador estacional temporero;Average expenditure per person;Base data;2018;1.149
Trabajador estacional temporero;Average expenditure per person;Base data;2017;1.118
Trabajador estacional temporero;Average expenditure per person;Base data;2016;1.500
Trabajador estacional temporero;Average expenditure per person;Annual variation rate;2022;23,07
Trabajador estacional temporero;Average expenditure per person;Annual variation rate;2021;.
Trabajador estacional temporero;Average expenditure per person;Annual variation rate;2020;.
Trabajador estacional temporero;Average expenditure per person;Annual variation rate;2019;-5,03
Trabajador estacional temporero;Average expenditure per person;Annual variation rate;2018;2,75
Trabajador estacional temporero;Average expenditure per person;Annual variation rate;2017;-25,47
Trabajador estacional temporero;Average expenditure per person;Annual variation rate;2016;-23
Trabajador estacional temporero;Average daily expenditure per person.;Base data;2022;105
Trabajador estacional temporero;Average daily expenditure per person.;Base data;2021;.
Trabajador estacional temporero;Average daily expenditure per person.;Base data;2020;.
Trabajador estacional temporero;Average daily expenditure per person.;Base data;2019;112
Trabajador estacional temporero;Average daily expenditure per person.;Base data;2018;121
Trabajador estacional temporero;Average daily expenditure per person.;Base data;2017;105
Trabajador estacional temporero;Average daily expenditure per person.;Base data;2016;96
Trabajador estacional temporero;Average daily expenditure per person.;Annual variation rate;2022;17,95
Trabajador estacional temporero;Average daily expenditure per person.;Annual variation rate;2021;.
Trabajador estacional temporero;Average daily expenditure per person.;Annual variation rate;2020;.
Trabajador estacional temporero;Average daily expenditure per person.;Annual variation rate;2019;-7,41
Trabajador estacional temporero;Average daily expenditure per person.;Annual variation rate;2018;15,05
Trabajador estacional temporero;Average daily expenditure per person.;Annual variation rate;2017;9,63
Trabajador estacional temporero;Average daily expenditure per person.;Annual variation rate;2016;32,67
Trabajador estacional temporero;Average duration of the trips;Base data;2022;8,65
Trabajador estacional temporero;Average duration of the trips;Base data;2021;.
Trabajador estacional temporero;Average duration of the trips;Base data;2020;.
Trabajador estacional temporero;Average duration of the trips;Base data;2019;9,72
Trabajador estacional temporero;Average duration of the trips;Base data;2018;9,48
Trabajador estacional temporero;Average duration of the trips;Base data;2017;10,62
Trabajador estacional temporero;Average duration of the trips;Base data;2016;15,62
Trabajador estacional temporero;Average duration of the trips;Annual variation rate;2022;4,33
Trabajador estacional temporero;Average duration of the trips;Annual variation rate;2021;.
Trabajador estacional temporero;Average duration of the trips;Annual variation rate;2020;.
Trabajador estacional temporero;Average duration of the trips;Annual variation rate;2019;2,57
Trabajador estacional temporero;Average duration of the trips;Annual variation rate;2018;-10,69
Trabajador estacional temporero;Average duration of the trips;Annual variation rate;2017;-32,02
Trabajador estacional temporero;Average duration of the trips;Annual variation rate;2016;-41,96
Otros motivos de trabajo y negocio;Total expenditure;Base data;2022;4.885,95
Otros motivos de trabajo y negocio;Total expenditure;Base data;2021;2.059,6
Otros motivos de trabajo y negocio;Total expenditure;Base data;2020;1.271,69
Otros motivos de trabajo y negocio;Total expenditure;Base data;2019;5.382,19
Otros motivos de trabajo y negocio;Total expenditure;Base data;2018;4.703,43
Otros motivos de trabajo y negocio;Total expenditure;Base data;2017;4.637,45
Otros motivos de trabajo y negocio;Total expenditure;Base data;2016;4.419,73
Otros motivos de trabajo y negocio;Total expenditure;Annual variation rate;2022;137,23
Otros motivos de trabajo y negocio;Total expenditure;Annual variation rate;2021;61,96
Otros motivos de trabajo y negocio;Total expenditure;Annual variation rate;2020;-76,37
Otros motivos de trabajo y negocio;Total expenditure;Annual variation rate;2019;14,43
Otros motivos de trabajo y negocio;Total expenditure;Annual variation rate;2018;1,42
Otros motivos de trabajo y negocio;Total expenditure;Annual variation rate;2017;4,93
Otros motivos de trabajo y negocio;Total expenditure;Annual variation rate;2016;10,75
Otros motivos de trabajo y negocio;Average expenditure per person;Base data;2022;1.268
Otros motivos de trabajo y negocio;Average expenditure per person;Base data;2021;1.112
Otros motivos de trabajo y negocio;Average expenditure per person;Base data;2020;1.098
Otros motivos de trabajo y negocio;Average expenditure per person;Base data;2019;1.107
Otros motivos de trabajo y negocio;Average expenditure per person;Base data;2018;1.070
Otros motivos de trabajo y negocio;Average expenditure per person;Base data;2017;1.140
Otros motivos de trabajo y negocio;Average expenditure per person;Base data;2016;1.098
Otros motivos de trabajo y negocio;Average expenditure per person;Annual variation rate;2022;14,03
Otros motivos de trabajo y negocio;Average expenditure per person;Annual variation rate;2021;1,32
Otros motivos de trabajo y negocio;Average expenditure per person;Annual variation rate;2020;-0,8
Otros motivos de trabajo y negocio;Average expenditure per person;Annual variation rate;2019;3,41
Otros motivos de trabajo y negocio;Average expenditure per person;Annual variation rate;2018;-6,15
Otros motivos de trabajo y negocio;Average expenditure per person;Annual variation rate;2017;3,89
Otros motivos de trabajo y negocio;Average expenditure per person;Annual variation rate;2016;8,51
Otros motivos de trabajo y negocio;Average daily expenditure per person.;Base data;2022;212
Otros motivos de trabajo y negocio;Average daily expenditure per person.;Base data;2021;181
Otros motivos de trabajo y negocio;Average daily expenditure per person.;Base data;2020;191
Otros motivos de trabajo y negocio;Average daily expenditure per person.;Base data;2019;228
Otros motivos de trabajo y negocio;Average daily expenditure per person.;Base data;2018;221
Otros motivos de trabajo y negocio;Average daily expenditure per person.;Base data;2017;201
Otros motivos de trabajo y negocio;Average daily expenditure per person.;Base data;2016;208
Otros motivos de trabajo y negocio;Average daily expenditure per person.;Annual variation rate;2022;16,82
Otros motivos de trabajo y negocio;Average daily expenditure per person.;Annual variation rate;2021;-5,13
Otros motivos de trabajo y negocio;Average daily expenditure per person.;Annual variation rate;2020;-16,26
Otros motivos de trabajo y negocio;Average daily expenditure per person.;Annual variation rate;2019;3,16
Otros motivos de trabajo y negocio;Average daily expenditure per person.;Annual variation rate;2018;10,21
Otros motivos de trabajo y negocio;Average daily expenditure per person.;Annual variation rate;2017;-3,64
Otros motivos de trabajo y negocio;Average daily expenditure per person.;Annual variation rate;2016;11,52
Otros motivos de trabajo y negocio;Average duration of the trips;Base data;2022;5,99
Otros motivos de trabajo y negocio;Average duration of the trips;Base data;2021;6,14
Otros motivos de trabajo y negocio;Average duration of the trips;Base data;2020;5,75
Otros motivos de trabajo y negocio;Average duration of the trips;Base data;2019;4,85
Otros motivos de trabajo y negocio;Average duration of the trips;Base data;2018;4,84
Otros motivos de trabajo y negocio;Average duration of the trips;Base data;2017;5,69
Otros motivos de trabajo y negocio;Average duration of the trips;Base data;2016;5,27
Otros motivos de trabajo y negocio;Average duration of the trips;Annual variation rate;2022;-2,39
Otros motivos de trabajo y negocio;Average duration of the trips;Annual variation rate;2021;6,8
Otros motivos de trabajo y negocio;Average duration of the trips;Annual variation rate;2020;18,45
Otros motivos de trabajo y negocio;Average duration of the trips;Annual variation rate;2019;0,24
Otros motivos de trabajo y negocio;Average duration of the trips;Annual variation rate;2018;-14,84
Otros motivos de trabajo y negocio;Average duration of the trips;Annual variation rate;2017;7,81
Otros motivos de trabajo y negocio;Average duration of the trips;Annual variation rate;2016;-2,7
Estudios (educación y formación);Total expenditure;Base data;2022;1.834,98
Estudios (educación y formación);Total expenditure;Base data;2021;683,78
Estudios (educación y formación);Total expenditure;Base data;2020;497,98
Estudios (educación y formación);Total expenditure;Base data;2019;1.643,91
Estudios (educación y formación);Total expenditure;Base data;2018;1.832,2
Estudios (educación y formación);Total expenditure;Base data;2017;2.041,86
Estudios (educación y formación);Total expenditure;Base data;2016;2.272,5
Estudios (educación y formación);Total expenditure;Annual variation rate;2022;168,36
Estudios (educación y formación);Total expenditure;Annual variation rate;2021;37,31
Estudios (educación y formación);Total expenditure;Annual variation rate;2020;-69,71
Estudios (educación y formación);Total expenditure;Annual variation rate;2019;-10,28
Estudios (educación y formación);Total expenditure;Annual variation rate;2018;-10,27
Estudios (educación y formación);Total expenditure;Annual variation rate;2017;-10,15
Estudios (educación y formación);Total expenditure;Annual variation rate;2016;-21,84
Estudios (educación y formación);Average expenditure per person;Base data;2022;4.743
Estudios (educación y formación);Average expenditure per person;Base data;2021;3.834
Estudios (educación y formación);Average expenditure per person;Base data;2020;2.786
Estudios (educación y formación);Average expenditure per person;Base data;2019;3.061
Estudios (educación y formación);Average expenditure per person;Base data;2018;3.764
Estudios (educación y formación);Average expenditure per person;Base data;2017;3.082
Estudios (educación y formación);Average expenditure per person;Base data;2016;2.854
Estudios (educación y formación);Average expenditure per person;Annual variation rate;2022;23,71
Estudios (educación y formación);Average expenditure per person;Annual variation rate;2021;37,61
Estudios (educación y formación);Average expenditure per person;Annual variation rate;2020;-8,98
Estudios (educación y formación);Average expenditure per person;Annual variation rate;2019;-18,7
Estudios (educación y formación);Average expenditure per person;Annual variation rate;2018;22,15
Estudios (educación y formación);Average expenditure per person;Annual variation rate;2017;7,98
Estudios (educación y formación);Average expenditure per person;Annual variation rate;2016;13,68
Estudios (educación y formación);Average daily expenditure per person.;Base data;2022;96
Estudios (educación y formación);Average daily expenditure per person.;Base data;2021;86
Estudios (educación y formación);Average daily expenditure per person.;Base data;2020;91
Estudios (educación y formación);Average daily expenditure per person.;Base data;2019;93
Estudios (educación y formación);Average daily expenditure per person.;Base data;2018;94
Estudios (educación y formación);Average daily expenditure per person.;Base data;2017;94
Estudios (educación y formación);Average daily expenditure per person.;Base data;2016;87
Estudios (educación y formación);Average daily expenditure per person.;Annual variation rate;2022;11,92
Estudios (educación y formación);Average daily expenditure per person.;Annual variation rate;2021;-5,89
Estudios (educación y formación);Average daily expenditure per person.;Annual variation rate;2020;-1,96
Estudios (educación y formación);Average daily expenditure per person.;Annual variation rate;2019;-1,45
Estudios (educación y formación);Average daily expenditure per person.;Annual variation rate;2018;0,62
Estudios (educación y formación);Average daily expenditure per person.;Annual variation rate;2017;7,31
Estudios (educación y formación);Average daily expenditure per person.;Annual variation rate;2016;-3,23
Estudios (educación y formación);Average duration of the trips;Base data;2022;49,4
Estudios (educación y formación);Average duration of the trips;Base data;2021;44,69
Estudios (educación y formación);Average duration of the trips;Base data;2020;30,56
Estudios (educación y formación);Average duration of the trips;Base data;2019;32,92
Estudios (educación y formación);Average duration of the trips;Base data;2018;39,9
Estudios (educación y formación);Average duration of the trips;Base data;2017;32,87
Estudios (educación y formación);Average duration of the trips;Base data;2016;32,67
Estudios (educación y formación);Average duration of the trips;Annual variation rate;2022;10,54
Estudios (educación y formación);Average duration of the trips;Annual variation rate;2021;46,23
Estudios (educación y formación);Average duration of the trips;Annual variation rate;2020;-7,16
Estudios (educación y formación);Average duration of the trips;Annual variation rate;2019;-17,5
Estudios (educación y formación);Average duration of the trips;Annual variation rate;2018;21,4
Estudios (educación y formación);Average duration of the trips;Annual variation rate;2017;0,62
Estudios (educación y formación);Average duration of the trips;Annual variation rate;2016;17,48
Visits to family or friends;Total expenditure;Base data;2022;3.745,15
Visits to family or friends;Total expenditure;Base data;2021;2.020,19
Visits to family or friends;Total expenditure;Base data;2020;1.189,61
Visits to family or friends;Total expenditure;Base data;2019;2.974,45
Visits to family or friends;Total expenditure;Base data;2018;2.895,99
Visits to family or friends;Total expenditure;Base data;2017;3.688,75
Visits to family or friends;Total expenditure;Base data;2016;3.581,16
Visits to family or friends;Total expenditure;Annual variation rate;2022;85,39
Visits to family or friends;Total expenditure;Annual variation rate;2021;69,82
Visits to family or friends;Total expenditure;Annual variation rate;2020;-60,01
Visits to family or friends;Total expenditure;Annual variation rate;2019;2,71
Visits to family or friends;Total expenditure;Annual variation rate;2018;-21,49
Visits to family or friends;Total expenditure;Annual variation rate;2017;3
Visits to family or friends;Total expenditure;Annual variation rate;2016;31,26
Visits to family or friends;Average expenditure per person;Base data;2022;1.078
Visits to family or friends;Average expenditure per person;Base data;2021;1.079
Visits to family or friends;Average expenditure per person;Base data;2020;813
Visits to family or friends;Average expenditure per person;Base data;2019;851
Visits to family or friends;Average expenditure per person;Base data;2018;848
Visits to family or friends;Average expenditure per person;Base data;2017;881
Visits to family or friends;Average expenditure per person;Base data;2016;797
Visits to family or friends;Average expenditure per person;Annual variation rate;2022;-0,17
Visits to family or friends;Average expenditure per person;Annual variation rate;2021;32,74
Visits to family or friends;Average expenditure per person;Annual variation rate;2020;-4,45
Visits to family or friends;Average expenditure per person;Annual variation rate;2019;0,38
Visits to family or friends;Average expenditure per person;Annual variation rate;2018;-3,78
Visits to family or friends;Average expenditure per person;Annual variation rate;2017;10,55
Visits to family or friends;Average expenditure per person;Annual variation rate;2016;-4,55
Visits to family or friends;Average daily expenditure per person.;Base data;2022;104
Visits to family or friends;Average daily expenditure per person.;Base data;2021;93
Visits to family or friends;Average daily expenditure per person.;Base data;2020;82
Visits to family or friends;Average daily expenditure per person.;Base data;2019;99
Visits to family or friends;Average daily expenditure per person.;Base data;2018;100
Visits to family or friends;Average daily expenditure per person.;Base data;2017;98
Visits to family or friends;Average daily expenditure per person.;Base data;2016;91
Visits to family or friends;Average daily expenditure per person.;Annual variation rate;2022;12,51
Visits to family or friends;Average daily expenditure per person.;Annual variation rate;2021;12,73
Visits to family or friends;Average daily expenditure per person.;Annual variation rate;2020;-17,25
Visits to family or friends;Average daily expenditure per person.;Annual variation rate;2019;-0,12
Visits to family or friends;Average daily expenditure per person.;Annual variation rate;2018;1,14
Visits to family or friends;Average daily expenditure per person.;Annual variation rate;2017;7,69
Visits to family or friends;Average daily expenditure per person.;Annual variation rate;2016;-1,51
Visits to family or friends;Average duration of the trips;Base data;2022;10,32
Visits to family or friends;Average duration of the trips;Base data;2021;11,63
Visits to family or friends;Average duration of the trips;Base data;2020;9,88
Visits to family or friends;Average duration of the trips;Base data;2019;8,55
Visits to family or friends;Average duration of the trips;Base data;2018;8,51
Visits to family or friends;Average duration of the trips;Base data;2017;8,95
Visits to family or friends;Average duration of the trips;Base data;2016;8,72
Visits to family or friends;Average duration of the trips;Annual variation rate;2022;-11,27
Visits to family or friends;Average duration of the trips;Annual variation rate;2021;17,75
Visits to family or friends;Average duration of the trips;Annual variation rate;2020;15,48
Visits to family or friends;Average duration of the trips;Annual variation rate;2019;0,49
Visits to family or friends;Average duration of the trips;Annual variation rate;2018;-4,86
Visits to family or friends;Average duration of the trips;Annual variation rate;2017;2,66
Visits to family or friends;Average duration of the trips;Annual variation rate;2016;-3,09
Tratamiento de salud voluntario;Total expenditure;Base data;2022;60,09
Tratamiento de salud voluntario;Total expenditure;Base data;2021;57,97
Tratamiento de salud voluntario;Total expenditure;Base data;2020;40,94
Tratamiento de salud voluntario;Total expenditure;Base data;2019;87,49
Tratamiento de salud voluntario;Total expenditure;Base data;2018;81,79
Tratamiento de salud voluntario;Total expenditure;Base data;2017;103,22
Tratamiento de salud voluntario;Total expenditure;Base data;2016;87,61
Tratamiento de salud voluntario;Total expenditure;Annual variation rate;2022;3,65
Tratamiento de salud voluntario;Total expenditure;Annual variation rate;2021;41,59
Tratamiento de salud voluntario;Total expenditure;Annual variation rate;2020;-53,2
Tratamiento de salud voluntario;Total expenditure;Annual variation rate;2019;6,96
Tratamiento de salud voluntario;Total expenditure;Annual variation rate;2018;-20,76
Tratamiento de salud voluntario;Total expenditure;Annual variation rate;2017;17,82
Tratamiento de salud voluntario;Total expenditure;Annual variation rate;2016;19,24
Tratamiento de salud voluntario;Average expenditure per person;Base data;2022;1.544
Tratamiento de salud voluntario;Average expenditure per person;Base data;2021;1.082
Tratamiento de salud voluntario;Average expenditure per person;Base data;2020;1.017
Tratamiento de salud voluntario;Average expenditure per person;Base data;2019;1.569
Tratamiento de salud voluntario;Average expenditure per person;Base data;2018;1.392
Tratamiento de salud voluntario;Average expenditure per person;Base data;2017;1.611
Tratamiento de salud voluntario;Average expenditure per person;Base data;2016;1.422
Tratamiento de salud voluntario;Average expenditure per person;Annual variation rate;2022;42,75
Tratamiento de salud voluntario;Average expenditure per person;Annual variation rate;2021;6,38
Tratamiento de salud voluntario;Average expenditure per person;Annual variation rate;2020;-35,17
Tratamiento de salud voluntario;Average expenditure per person;Annual variation rate;2019;12,65
Tratamiento de salud voluntario;Average expenditure per person;Annual variation rate;2018;-13,57
Tratamiento de salud voluntario;Average expenditure per person;Annual variation rate;2017;13,32
Tratamiento de salud voluntario;Average expenditure per person;Annual variation rate;2016;1,66
Tratamiento de salud voluntario;Average daily expenditure per person.;Base data;2022;213
Tratamiento de salud voluntario;Average daily expenditure per person.;Base data;2021;152
Tratamiento de salud voluntario;Average daily expenditure per person.;Base data;2020;144
Tratamiento de salud voluntario;Average daily expenditure per person.;Base data;2019;191
Tratamiento de salud voluntario;Average daily expenditure per person.;Base data;2018;170
Tratamiento de salud voluntario;Average daily expenditure per person.;Base data;2017;146
Tratamiento de salud voluntario;Average daily expenditure per person.;Base data;2016;187
Tratamiento de salud voluntario;Average daily expenditure per person.;Annual variation rate;2022;40,66
Tratamiento de salud voluntario;Average daily expenditure per person.;Annual variation rate;2021;5,27
Tratamiento de salud voluntario;Average daily expenditure per person.;Annual variation rate;2020;-24,59
Tratamiento de salud voluntario;Average daily expenditure per person.;Annual variation rate;2019;12,27
Tratamiento de salud voluntario;Average daily expenditure per person.;Annual variation rate;2018;16,5
Tratamiento de salud voluntario;Average daily expenditure per person.;Annual variation rate;2017;-21,93
Tratamiento de salud voluntario;Average daily expenditure per person.;Annual variation rate;2016;16
Tratamiento de salud voluntario;Average duration of the trips;Base data;2022;7,24
Tratamiento de salud voluntario;Average duration of the trips;Base data;2021;7,13
Tratamiento de salud voluntario;Average duration of the trips;Base data;2020;7,06
Tratamiento de salud voluntario;Average duration of the trips;Base data;2019;8,21
Tratamiento de salud voluntario;Average duration of the trips;Base data;2018;8,18
Tratamiento de salud voluntario;Average duration of the trips;Base data;2017;11,03
Tratamiento de salud voluntario;Average duration of the trips;Base data;2016;7,6
Tratamiento de salud voluntario;Average duration of the trips;Annual variation rate;2022;1,48
Tratamiento de salud voluntario;Average duration of the trips;Annual variation rate;2021;1,05
Tratamiento de salud voluntario;Average duration of the trips;Annual variation rate;2020;-14,03
Tratamiento de salud voluntario;Average duration of the trips;Annual variation rate;2019;0,34
Tratamiento de salud voluntario;Average duration of the trips;Annual variation rate;2018;-25,81
Tratamiento de salud voluntario;Average duration of the trips;Annual variation rate;2017;45,15
Tratamiento de salud voluntario;Average duration of the trips;Annual variation rate;2016;-12,37
Motivos religiosos o peregrinaciones;Total expenditure;Base data;2022;176,62
Motivos religiosos o peregrinaciones;Total expenditure;Base data;2021;62,07
Motivos religiosos o peregrinaciones;Total expenditure;Base data;2020;.
Motivos religiosos o peregrinaciones;Total expenditure;Base data;2019;343,54
Motivos religiosos o peregrinaciones;Total expenditure;Base data;2018;290,28
Motivos religiosos o peregrinaciones;Total expenditure;Base data;2017;228,58
Motivos religiosos o peregrinaciones;Total expenditure;Base data;2016;172,11
Motivos religiosos o peregrinaciones;Total expenditure;Annual variation rate;2022;184,57
Motivos religiosos o peregrinaciones;Total expenditure;Annual variation rate;2021;57,45
Motivos religiosos o peregrinaciones;Total expenditure;Annual variation rate;2020;.
Motivos religiosos o peregrinaciones;Total expenditure;Annual variation rate;2019;18,35
Motivos religiosos o peregrinaciones;Total expenditure;Annual variation rate;2018;26,99
Motivos religiosos o peregrinaciones;Total expenditure;Annual variation rate;2017;32,81
Motivos religiosos o peregrinaciones;Total expenditure;Annual variation rate;2016;57,41
Motivos religiosos o peregrinaciones;Average expenditure per person;Base data;2022;1.576
Motivos religiosos o peregrinaciones;Average expenditure per person;Base data;2021;1.522
Motivos religiosos o peregrinaciones;Average expenditure per person;Base data;2020;.
Motivos religiosos o peregrinaciones;Average expenditure per person;Base data;2019;1.508
Motivos religiosos o peregrinaciones;Average expenditure per person;Base data;2018;1.332
Motivos religiosos o peregrinaciones;Average expenditure per person;Base data;2017;1.188
Motivos religiosos o peregrinaciones;Average expenditure per person;Base data;2016;1.294
Motivos religiosos o peregrinaciones;Average expenditure per person;Annual variation rate;2022;3,55
Motivos religiosos o peregrinaciones;Average expenditure per person;Annual variation rate;2021;-18,81
Motivos religiosos o peregrinaciones;Average expenditure per person;Annual variation rate;2020;.
Motivos religiosos o peregrinaciones;Average expenditure per person;Annual variation rate;2019;13,19
Motivos religiosos o peregrinaciones;Average expenditure per person;Annual variation rate;2018;12,1
Motivos religiosos o peregrinaciones;Average expenditure per person;Annual variation rate;2017;-8,13
Motivos religiosos o peregrinaciones;Average expenditure per person;Annual variation rate;2016;65,44
Motivos religiosos o peregrinaciones;Average daily expenditure per person.;Base data;2022;161
Motivos religiosos o peregrinaciones;Average daily expenditure per person.;Base data;2021;99
Motivos religiosos o peregrinaciones;Average daily expenditure per person.;Base data;2020;.
Motivos religiosos o peregrinaciones;Average daily expenditure per person.;Base data;2019;112
Motivos religiosos o peregrinaciones;Average daily expenditure per person.;Base data;2018;102
Motivos religiosos o peregrinaciones;Average daily expenditure per person.;Base data;2017;101
Motivos religiosos o peregrinaciones;Average daily expenditure per person.;Base data;2016;102
Motivos religiosos o peregrinaciones;Average daily expenditure per person.;Annual variation rate;2022;62,09
Motivos religiosos o peregrinaciones;Average daily expenditure per person.;Annual variation rate;2021;-36,03
Motivos religiosos o peregrinaciones;Average daily expenditure per person.;Annual variation rate;2020;.
Motivos religiosos o peregrinaciones;Average daily expenditure per person.;Annual variation rate;2019;9,57
Motivos religiosos o peregrinaciones;Average daily expenditure per person.;Annual variation rate;2018;1,52
Motivos religiosos o peregrinaciones;Average daily expenditure per person.;Annual variation rate;2017;-1,85
Motivos religiosos o peregrinaciones;Average daily expenditure per person.;Annual variation rate;2016;-36,85
Motivos religiosos o peregrinaciones;Average duration of the trips;Base data;2022;9,78
Motivos religiosos o peregrinaciones;Average duration of the trips;Base data;2021;15,31
Motivos religiosos o peregrinaciones;Average duration of the trips;Base data;2020;.
Motivos religiosos o peregrinaciones;Average duration of the trips;Base data;2019;13,49
Motivos religiosos o peregrinaciones;Average duration of the trips;Base data;2018;13,06
Motivos religiosos o peregrinaciones;Average duration of the trips;Base data;2017;11,82
Motivos religiosos o peregrinaciones;Average duration of the trips;Base data;2016;12,63
Motivos religiosos o peregrinaciones;Average duration of the trips;Annual variation rate;2022;-36,11
Motivos religiosos o peregrinaciones;Average duration of the trips;Annual variation rate;2021;26,91
Motivos religiosos o peregrinaciones;Average duration of the trips;Annual variation rate;2020;.
Motivos religiosos o peregrinaciones;Average duration of the trips;Annual variation rate;2019;3,3
Motivos religiosos o peregrinaciones;Average duration of the trips;Annual variation rate;2018;10,41
Motivos religiosos o peregrinaciones;Average duration of the trips;Annual variation rate;2017;-6,41
Motivos religiosos o peregrinaciones;Average duration of the trips;Annual variation rate;2016;161,99
Compras, servicios personales;Total expenditure;Base data;2022;76,91
Compras, servicios personales;Total expenditure;Base data;2021;57,25
Compras, servicios personales;Total expenditure;Base data;2020;.
Compras, servicios personales;Total expenditure;Base data;2019;43,71
Compras, servicios personales;Total expenditure;Base data;2018;64,69
Compras, servicios personales;Total expenditure;Base data;2017;74,87
Compras, servicios personales;Total expenditure;Base data;2016;68,34
Compras, servicios personales;Total expenditure;Annual variation rate;2022;34,34
Compras, servicios personales;Total expenditure;Annual variation rate;2021;111,04
Compras, servicios personales;Total expenditure;Annual variation rate;2020;.
Compras, servicios personales;Total expenditure;Annual variation rate;2019;-32,43
Compras, servicios personales;Total expenditure;Annual variation rate;2018;-13,59
Compras, servicios personales;Total expenditure;Annual variation rate;2017;9,54
Compras, servicios personales;Total expenditure;Annual variation rate;2016;-7,98
Compras, servicios personales;Average expenditure per person;Base data;2022;753
Compras, servicios personales;Average expenditure per person;Base data;2021;584
Compras, servicios personales;Average expenditure per person;Base data;2020;.
Compras, servicios personales;Average expenditure per person;Base data;2019;544
Compras, servicios personales;Average expenditure per person;Base data;2018;714
Compras, servicios personales;Average expenditure per person;Base data;2017;862
Compras, servicios personales;Average expenditure per person;Base data;2016;604
Compras, servicios personales;Average expenditure per person;Annual variation rate;2022;29,05
Compras, servicios personales;Average expenditure per person;Annual variation rate;2021;13,64
Compras, servicios personales;Average expenditure per person;Annual variation rate;2020;.
Compras, servicios personales;Average expenditure per person;Annual variation rate;2019;-23,79
Compras, servicios personales;Average expenditure per person;Annual variation rate;2018;-17,21
Compras, servicios personales;Average expenditure per person;Annual variation rate;2017;42,71
Compras, servicios personales;Average expenditure per person;Annual variation rate;2016;-10,27
Compras, servicios personales;Average daily expenditure per person.;Base data;2022;153
Compras, servicios personales;Average daily expenditure per person.;Base data;2021;98
Compras, servicios personales;Average daily expenditure per person.;Base data;2020;.
Compras, servicios personales;Average daily expenditure per person.;Base data;2019;129
Compras, servicios personales;Average daily expenditure per person.;Base data;2018;146
Compras, servicios personales;Average daily expenditure per person.;Base data;2017;186
Compras, servicios personales;Average daily expenditure per person.;Base data;2016;153
Compras, servicios personales;Average daily expenditure per person.;Annual variation rate;2022;56,18
Compras, servicios personales;Average daily expenditure per person.;Annual variation rate;2021;-23,32
Compras, servicios personales;Average daily expenditure per person.;Annual variation rate;2020;.
Compras, servicios personales;Average daily expenditure per person.;Annual variation rate;2019;-11,69
Compras, servicios personales;Average daily expenditure per person.;Annual variation rate;2018;-21,46
Compras, servicios personales;Average daily expenditure per person.;Annual variation rate;2017;21,3
Compras, servicios personales;Average daily expenditure per person.;Annual variation rate;2016;47,91
Compras, servicios personales;Average duration of the trips;Base data;2022;4,93
Compras, servicios personales;Average duration of the trips;Base data;2021;5,97
Compras, servicios personales;Average duration of the trips;Base data;2020;.
Compras, servicios personales;Average duration of the trips;Base data;2019;4,22
Compras, servicios personales;Average duration of the trips;Base data;2018;4,88
Compras, servicios personales;Average duration of the trips;Base data;2017;4,63
Compras, servicios personales;Average duration of the trips;Base data;2016;3,94
Compras, servicios personales;Average duration of the trips;Annual variation rate;2022;-17,37
Compras, servicios personales;Average duration of the trips;Annual variation rate;2021;48,2
Compras, servicios personales;Average duration of the trips;Annual variation rate;2020;.
Compras, servicios personales;Average duration of the trips;Annual variation rate;2019;-13,7
Compras, servicios personales;Average duration of the trips;Annual variation rate;2018;5,42
Compras, servicios personales;Average duration of the trips;Annual variation rate;2017;17,64
Compras, servicios personales;Average duration of the trips;Annual variation rate;2016;-39,34
Leisure and holidays;Total expenditure;Base data;2022;74.993,27
Leisure and holidays;Total expenditure;Base data;2021;29.415,47
Leisure and holidays;Total expenditure;Base data;2020;16.393,62
Leisure and holidays;Total expenditure;Base data;2019;80.305,58
Leisure and holidays;Total expenditure;Base data;2018;78.085,87
Leisure and holidays;Total expenditure;Base data;2017;74.869,41
Leisure and holidays;Total expenditure;Base data;2016;65.365,41
Leisure and holidays;Total expenditure;Annual variation rate;2022;154,94
Leisure and holidays;Total expenditure;Annual variation rate;2021;79,43
Leisure and holidays;Total expenditure;Annual variation rate;2020;-79,59
Leisure and holidays;Total expenditure;Annual variation rate;2019;2,84
Leisure and holidays;Total expenditure;Annual variation rate;2018;4,3
Leisure and holidays;Total expenditure;Annual variation rate;2017;14,54
Leisure and holidays;Total expenditure;Annual variation rate;2016;9,66
Leisure and holidays;Average expenditure per person;Base data;2022;1.208
Leisure and holidays;Average expenditure per person;Base data;2021;1.116
Leisure and holidays;Average expenditure per person;Base data;2020;1.055
Leisure and holidays;Average expenditure per person;Base data;2019;1.100
Leisure and holidays;Average expenditure per person;Base data;2018;1.082
Leisure and holidays;Average expenditure per person;Base data;2017;1.053
Leisure and holidays;Average expenditure per person;Base data;2016;1.016
Leisure and holidays;Average expenditure per person;Annual variation rate;2022;8,23
Leisure and holidays;Average expenditure per person;Annual variation rate;2021;5,78
Leisure and holidays;Average expenditure per person;Annual variation rate;2020;-4,09
Leisure and holidays;Average expenditure per person;Annual variation rate;2019;1,71
Leisure and holidays;Average expenditure per person;Annual variation rate;2018;2,73
Leisure and holidays;Average expenditure per person;Annual variation rate;2017;3,62
Leisure and holidays;Average expenditure per person;Annual variation rate;2016;-0,76
Leisure and holidays;Average daily expenditure per person.;Base data;2022;167
Leisure and holidays;Average daily expenditure per person.;Base data;2021;142
Leisure and holidays;Average daily expenditure per person.;Base data;2020;139
Leisure and holidays;Average daily expenditure per person.;Base data;2019;157
Leisure and holidays;Average daily expenditure per person.;Base data;2018;147
Leisure and holidays;Average daily expenditure per person.;Base data;2017;139
Leisure and holidays;Average daily expenditure per person.;Base data;2016;132
Leisure and holidays;Average daily expenditure per person.;Annual variation rate;2022;17,12
Leisure and holidays;Average daily expenditure per person.;Annual variation rate;2021;2,09
Leisure and holidays;Average daily expenditure per person.;Annual variation rate;2020;-11,33
Leisure and holidays;Average daily expenditure per person.;Annual variation rate;2019;6,73
Leisure and holidays;Average daily expenditure per person.;Annual variation rate;2018;5,87
Leisure and holidays;Average daily expenditure per person.;Annual variation rate;2017;5,07
Leisure and holidays;Average daily expenditure per person.;Annual variation rate;2016;4,52
Leisure and holidays;Average duration of the trips;Base data;2022;7,25
Leisure and holidays;Average duration of the trips;Base data;2021;7,84
Leisure and holidays;Average duration of the trips;Base data;2020;7,57
Leisure and holidays;Average duration of the trips;Base data;2019;7
Leisure and holidays;Average duration of the trips;Base data;2018;7,34
Leisure and holidays;Average duration of the trips;Base data;2017;7,57
Leisure and holidays;Average duration of the trips;Base data;2016;7,67
Leisure and holidays;Average duration of the trips;Annual variation rate;2022;-7,59
Leisure and holidays;Average duration of the trips;Annual variation rate;2021;3,61
Leisure and holidays;Average duration of the trips;Annual variation rate;2020;8,16
Leisure and holidays;Average duration of the trips;Annual variation rate;2019;-4,7
Leisure and holidays;Average duration of the trips;Annual variation rate;2018;-2,97
Leisure and holidays;Average duration of the trips;Annual variation rate;2017;-1,38
Leisure and holidays;Average duration of the trips;Annual variation rate;2016;-5,05
Turismo cultural;Total expenditure;Base data;2022;14.962,15
Turismo cultural;Total expenditure;Base data;2021;5.012,48
Turismo cultural;Total expenditure;Base data;2020;3.328,31
Turismo cultural;Total expenditure;Base data;2019;15.316,49
Turismo cultural;Total expenditure;Base data;2018;13.341,06
Turismo cultural;Total expenditure;Base data;2017;13.923,58
Turismo cultural;Total expenditure;Base data;2016;8.567,13
Turismo cultural;Total expenditure;Annual variation rate;2022;198,5
Turismo cultural;Total expenditure;Annual variation rate;2021;50,6
Turismo cultural;Total expenditure;Annual variation rate;2020;-78,27
Turismo cultural;Total expenditure;Annual variation rate;2019;14,81
Turismo cultural;Total expenditure;Annual variation rate;2018;-4,18
Turismo cultural;Total expenditure;Annual variation rate;2017;62,52
Turismo cultural;Total expenditure;Annual variation rate;2016;6,5
Turismo cultural;Average expenditure per person;Base data;2022;1.251
Turismo cultural;Average expenditure per person;Base data;2021;1.120
Turismo cultural;Average expenditure per person;Base data;2020;1.014
Turismo cultural;Average expenditure per person;Base data;2019;1.061
Turismo cultural;Average expenditure per person;Base data;2018;1.059
Turismo cultural;Average expenditure per person;Base data;2017;1.084
Turismo cultural;Average expenditure per person;Base data;2016;1.069
Turismo cultural;Average expenditure per person;Annual variation rate;2022;11,71
Turismo cultural;Average expenditure per person;Annual variation rate;2021;10,44
Turismo cultural;Average expenditure per person;Annual variation rate;2020;-4,38
Turismo cultural;Average expenditure per person;Annual variation rate;2019;0,12
Turismo cultural;Average expenditure per person;Annual variation rate;2018;-2,28
Turismo cultural;Average expenditure per person;Annual variation rate;2017;1,42
Turismo cultural;Average expenditure per person;Annual variation rate;2016;-5,08
Turismo cultural;Average daily expenditure per person.;Base data;2022;204
Turismo cultural;Average daily expenditure per person.;Base data;2021;182
Turismo cultural;Average daily expenditure per person.;Base data;2020;166
Turismo cultural;Average daily expenditure per person.;Base data;2019;183
Turismo cultural;Average daily expenditure per person.;Base data;2018;172
Turismo cultural;Average daily expenditure per person.;Base data;2017;169
Turismo cultural;Average daily expenditure per person.;Base data;2016;184
Turismo cultural;Average daily expenditure per person.;Annual variation rate;2022;12,5
Turismo cultural;Average daily expenditure per person.;Annual variation rate;2021;9,13
Turismo cultural;Average daily expenditure per person.;Annual variation rate;2020;-9,26
Turismo cultural;Average daily expenditure per person.;Annual variation rate;2019;6,73
Turismo cultural;Average daily expenditure per person.;Annual variation rate;2018;1,81
Turismo cultural;Average daily expenditure per person.;Annual variation rate;2017;-8,06
Turismo cultural;Average daily expenditure per person.;Annual variation rate;2016;-9,25
Turismo cultural;Average duration of the trips;Base data;2022;6,12
Turismo cultural;Average duration of the trips;Base data;2021;6,17
Turismo cultural;Average duration of the trips;Base data;2020;6,09
Turismo cultural;Average duration of the trips;Base data;2019;5,78
Turismo cultural;Average duration of the trips;Base data;2018;6,16
Turismo cultural;Average duration of the trips;Base data;2017;6,42
Turismo cultural;Average duration of the trips;Base data;2016;5,82
Turismo cultural;Average duration of the trips;Annual variation rate;2022;-0,7
Turismo cultural;Average duration of the trips;Annual variation rate;2021;1,2
Turismo cultural;Average duration of the trips;Annual variation rate;2020;5,38
Turismo cultural;Average duration of the trips;Annual variation rate;2019;-6,19
Turismo cultural;Average duration of the trips;Annual variation rate;2018;-4,02
Turismo cultural;Average duration of the trips;Annual variation rate;2017;10,3
Turismo cultural;Average duration of the trips;Annual variation rate;2016;4,58
Práctica deportiva;Total expenditure;Base data;2022;1.240,4
Práctica deportiva;Total expenditure;Base data;2021;650,7
Práctica deportiva;Total expenditure;Base data;2020;399,18
Práctica deportiva;Total expenditure;Base data;2019;1.428,5
Práctica deportiva;Total expenditure;Base data;2018;1.399,96
Práctica deportiva;Total expenditure;Base data;2017;1.254,95
Práctica deportiva;Total expenditure;Base data;2016;1.393,43
Práctica deportiva;Total expenditure;Annual variation rate;2022;90,63
Práctica deportiva;Total expenditure;Annual variation rate;2021;63,01
Práctica deportiva;Total expenditure;Annual variation rate;2020;-72,06
Práctica deportiva;Total expenditure;Annual variation rate;2019;2,04
Práctica deportiva;Total expenditure;Annual variation rate;2018;11,55
Práctica deportiva;Total expenditure;Annual variation rate;2017;-9,94
Práctica deportiva;Total expenditure;Annual variation rate;2016;51,55
Práctica deportiva;Average expenditure per person;Base data;2022;1.222
Práctica deportiva;Average expenditure per person;Base data;2021;1.099
Práctica deportiva;Average expenditure per person;Base data;2020;968
Práctica deportiva;Average expenditure per person;Base data;2019;947
Práctica deportiva;Average expenditure per person;Base data;2018;967
Práctica deportiva;Average expenditure per person;Base data;2017;986
Práctica deportiva;Average expenditure per person;Base data;2016;977
Práctica deportiva;Average expenditure per person;Annual variation rate;2022;11,2
Práctica deportiva;Average expenditure per person;Annual variation rate;2021;13,44
Práctica deportiva;Average expenditure per person;Annual variation rate;2020;2,28
Práctica deportiva;Average expenditure per person;Annual variation rate;2019;-2,07
Práctica deportiva;Average expenditure per person;Annual variation rate;2018;-1,97
Práctica deportiva;Average expenditure per person;Annual variation rate;2017;0,97
Práctica deportiva;Average expenditure per person;Annual variation rate;2016;-1,36
Práctica deportiva;Average daily expenditure per person.;Base data;2022;176
Práctica deportiva;Average daily expenditure per person.;Base data;2021;152
Práctica deportiva;Average daily expenditure per person.;Base data;2020;138
Práctica deportiva;Average daily expenditure per person.;Base data;2019;156
Práctica deportiva;Average daily expenditure per person.;Base data;2018;160
Práctica deportiva;Average daily expenditure per person.;Base data;2017;161
Práctica deportiva;Average daily expenditure per person.;Base data;2016;153
Práctica deportiva;Average daily expenditure per person.;Annual variation rate;2022;16,13
Práctica deportiva;Average daily expenditure per person.;Annual variation rate;2021;10,02
Práctica deportiva;Average daily expenditure per person.;Annual variation rate;2020;-11,52
Práctica deportiva;Average daily expenditure per person.;Annual variation rate;2019;-2,53
Práctica deportiva;Average daily expenditure per person.;Annual variation rate;2018;-0,61
Práctica deportiva;Average daily expenditure per person.;Annual variation rate;2017;4,77
Práctica deportiva;Average daily expenditure per person.;Annual variation rate;2016;12,88
Práctica deportiva;Average duration of the trips;Base data;2022;6,94
Práctica deportiva;Average duration of the trips;Base data;2021;7,25
Práctica deportiva;Average duration of the trips;Base data;2020;7,03
Práctica deportiva;Average duration of the trips;Base data;2019;6,08
Práctica deportiva;Average duration of the trips;Base data;2018;6,06
Práctica deportiva;Average duration of the trips;Base data;2017;6,14
Práctica deportiva;Average duration of the trips;Base data;2016;6,37
Práctica deportiva;Average duration of the trips;Annual variation rate;2022;-4,24
Práctica deportiva;Average duration of the trips;Annual variation rate;2021;3,1
Práctica deportiva;Average duration of the trips;Annual variation rate;2020;15,6
Práctica deportiva;Average duration of the trips;Annual variation rate;2019;0,47
Práctica deportiva;Average duration of the trips;Annual variation rate;2018;-1,36
Práctica deportiva;Average duration of the trips;Annual variation rate;2017;-3,63
Práctica deportiva;Average duration of the trips;Annual variation rate;2016;-12,61
Turismo de sol y playa;Total expenditure;Base data;2022;34.457,21
Turismo de sol y playa;Total expenditure;Base data;2021;15.164,34
Turismo de sol y playa;Total expenditure;Base data;2020;7.438,14
Turismo de sol y playa;Total expenditure;Base data;2019;36.133,65
Turismo de sol y playa;Total expenditure;Base data;2018;38.935,71
Turismo de sol y playa;Total expenditure;Base data;2017;41.139,57
Turismo de sol y playa;Total expenditure;Base data;2016;39.959,69
Turismo de sol y playa;Total expenditure;Annual variation rate;2022;127,23
Turismo de sol y playa;Total expenditure;Annual variation rate;2021;103,87
Turismo de sol y playa;Total expenditure;Annual variation rate;2020;-79,41
Turismo de sol y playa;Total expenditure;Annual variation rate;2019;-7,2
Turismo de sol y playa;Total expenditure;Annual variation rate;2018;-5,36
Turismo de sol y playa;Total expenditure;Annual variation rate;2017;2,95
Turismo de sol y playa;Total expenditure;Annual variation rate;2016;5,6
Turismo de sol y playa;Average expenditure per person;Base data;2022;1.219
Turismo de sol y playa;Average expenditure per person;Base data;2021;1.144
Turismo de sol y playa;Average expenditure per person;Base data;2020;1.060
Turismo de sol y playa;Average expenditure per person;Base data;2019;1.118
Turismo de sol y playa;Average expenditure per person;Base data;2018;1.086
Turismo de sol y playa;Average expenditure per person;Base data;2017;1.051
Turismo de sol y playa;Average expenditure per person;Base data;2016;1.015
Turismo de sol y playa;Average expenditure per person;Annual variation rate;2022;6,54
Turismo de sol y playa;Average expenditure per person;Annual variation rate;2021;7,89
Turismo de sol y playa;Average expenditure per person;Annual variation rate;2020;-5,18
Turismo de sol y playa;Average expenditure per person;Annual variation rate;2019;2,95
Turismo de sol y playa;Average expenditure per person;Annual variation rate;2018;3,34
Turismo de sol y playa;Average expenditure per person;Annual variation rate;2017;3,5
Turismo de sol y playa;Average expenditure per person;Annual variation rate;2016;-0,66
Turismo de sol y playa;Average daily expenditure per person.;Base data;2022;151
Turismo de sol y playa;Average daily expenditure per person.;Base data;2021;134
Turismo de sol y playa;Average daily expenditure per person.;Base data;2020;125
Turismo de sol y playa;Average daily expenditure per person.;Base data;2019;138
Turismo de sol y playa;Average daily expenditure per person.;Base data;2018;130
Turismo de sol y playa;Average daily expenditure per person.;Base data;2017;123
Turismo de sol y playa;Average daily expenditure per person.;Base data;2016;119
Turismo de sol y playa;Average daily expenditure per person.;Annual variation rate;2022;12,9
Turismo de sol y playa;Average daily expenditure per person.;Annual variation rate;2021;6,96
Turismo de sol y playa;Average daily expenditure per person.;Annual variation rate;2020;-8,98
Turismo de sol y playa;Average daily expenditure per person.;Annual variation rate;2019;5,92
Turismo de sol y playa;Average daily expenditure per person.;Annual variation rate;2018;5,59
Turismo de sol y playa;Average daily expenditure per person.;Annual variation rate;2017;3,27
Turismo de sol y playa;Average daily expenditure per person.;Annual variation rate;2016;4,26
Turismo de sol y playa;Average duration of the trips;Base data;2022;8,05
Turismo de sol y playa;Average duration of the trips;Base data;2021;8,53
Turismo de sol y playa;Average duration of the trips;Base data;2020;8,46
Turismo de sol y playa;Average duration of the trips;Base data;2019;8,12
Turismo de sol y playa;Average duration of the trips;Base data;2018;8,35
Turismo de sol y playa;Average duration of the trips;Base data;2017;8,53
Turismo de sol y playa;Average duration of the trips;Base data;2016;8,51
Turismo de sol y playa;Average duration of the trips;Annual variation rate;2022;-5,63
Turismo de sol y playa;Average duration of the trips;Annual variation rate;2021;0,87
Turismo de sol y playa;Average duration of the trips;Annual variation rate;2020;4,18
Turismo de sol y playa;Average duration of the trips;Annual variation rate;2019;-2,8
Turismo de sol y playa;Average duration of the trips;Annual variation rate;2018;-2,13
Turismo de sol y playa;Average duration of the trips;Annual variation rate;2017;0,22
Turismo de sol y playa;Average duration of the trips;Annual variation rate;2016;-4,72
Otro tipo de ocio;Total expenditure;Base data;2022;24.333,5
Otro tipo de ocio;Total expenditure;Base data;2021;8.587,96
Otro tipo de ocio;Total expenditure;Base data;2020;5.227,99
Otro tipo de ocio;Total expenditure;Base data;2019;27.426,94
Otro tipo de ocio;Total expenditure;Base data;2018;24.409,15
Otro tipo de ocio;Total expenditure;Base data;2017;18.551,31
Otro tipo de ocio;Total expenditure;Base data;2016;15.445,16
Otro tipo de ocio;Total expenditure;Annual variation rate;2022;183,34
Otro tipo de ocio;Total expenditure;Annual variation rate;2021;64,27
Otro tipo de ocio;Total expenditure;Annual variation rate;2020;-80,94
Otro tipo de ocio;Total expenditure;Annual variation rate;2019;12,36
Otro tipo de ocio;Total expenditure;Annual variation rate;2018;31,58
Otro tipo de ocio;Total expenditure;Annual variation rate;2017;20,11
Otro tipo de ocio;Total expenditure;Annual variation rate;2016;20,61
Otro tipo de ocio;Average expenditure per person;Base data;2022;1.168
Otro tipo de ocio;Average expenditure per person;Base data;2021;1.070
Otro tipo de ocio;Average expenditure per person;Base data;2020;1.084
Otro tipo de ocio;Average expenditure per person;Base data;2019;1.110
Otro tipo de ocio;Average expenditure per person;Base data;2018;1.095
Otro tipo de ocio;Average expenditure per person;Base data;2017;1.040
Otro tipo de ocio;Average expenditure per person;Base data;2016;995
Otro tipo de ocio;Average expenditure per person;Annual variation rate;2022;9,2
Otro tipo de ocio;Average expenditure per person;Annual variation rate;2021;-1,27
Otro tipo de ocio;Average expenditure per person;Annual variation rate;2020;-2,36
Otro tipo de ocio;Average expenditure per person;Annual variation rate;2019;1,32
Otro tipo de ocio;Average expenditure per person;Annual variation rate;2018;5,27
Otro tipo de ocio;Average expenditure per person;Annual variation rate;2017;4,55
Otro tipo de ocio;Average expenditure per person;Annual variation rate;2016;1,92
Otro tipo de ocio;Average daily expenditure per person.;Base data;2022;171
Otro tipo de ocio;Average daily expenditure per person.;Base data;2021;139
Otro tipo de ocio;Average daily expenditure per person.;Base data;2020;148
Otro tipo de ocio;Average daily expenditure per person.;Base data;2019;176
Otro tipo de ocio;Average daily expenditure per person.;Base data;2018;169
Otro tipo de ocio;Average daily expenditure per person.;Base data;2017;163
Otro tipo de ocio;Average daily expenditure per person.;Base data;2016;150
Otro tipo de ocio;Average daily expenditure per person.;Annual variation rate;2022;23,1
Otro tipo de ocio;Average daily expenditure per person.;Annual variation rate;2021;-5,83
Otro tipo de ocio;Average daily expenditure per person.;Annual variation rate;2020;-16,05
Otro tipo de ocio;Average daily expenditure per person.;Annual variation rate;2019;4,08
Otro tipo de ocio;Average daily expenditure per person.;Annual variation rate;2018;3,72
Otro tipo de ocio;Average daily expenditure per person.;Annual variation rate;2017;8,52
Otro tipo de ocio;Average daily expenditure per person.;Annual variation rate;2016;9,29
Otro tipo de ocio;Average duration of the trips;Base data;2022;6,81
Otro tipo de ocio;Average duration of the trips;Base data;2021;7,68
Otro tipo de ocio;Average duration of the trips;Base data;2020;7,33
Otro tipo de ocio;Average duration of the trips;Base data;2019;6,3
Otro tipo de ocio;Average duration of the trips;Base data;2018;6,47
Otro tipo de ocio;Average duration of the trips;Base data;2017;6,37
Otro tipo de ocio;Average duration of the trips;Base data;2016;6,62
Otro tipo de ocio;Average duration of the trips;Annual variation rate;2022;-11,29
Otro tipo de ocio;Average duration of the trips;Annual variation rate;2021;4,85
Otro tipo de ocio;Average duration of the trips;Annual variation rate;2020;16,31
Otro tipo de ocio;Average duration of the trips;Annual variation rate;2019;-2,65
Otro tipo de ocio;Average duration of the trips;Annual variation rate;2018;1,5
Otro tipo de ocio;Average duration of the trips;Annual variation rate;2017;-3,66
Otro tipo de ocio;Average duration of the trips;Annual variation rate;2016;-6,74
Otros;Total expenditure;Base data;2022;739,51
Otros;Total expenditure;Base data;2021;372,06
Otros;Total expenditure;Base data;2020;201,44
Otros;Total expenditure;Base data;2019;471,24
Otros;Total expenditure;Base data;2018;1.052,21
Otros;Total expenditure;Base data;2017;545,39
Otros;Total expenditure;Base data;2016;545,57
Otros;Total expenditure;Annual variation rate;2022;98,76
Otros;Total expenditure;Annual variation rate;2021;84,7
Otros;Total expenditure;Annual variation rate;2020;-57,25
Otros;Total expenditure;Annual variation rate;2019;-55,21
Otros;Total expenditure;Annual variation rate;2018;92,93
Otros;Total expenditure;Annual variation rate;2017;-0,03
Otros;Total expenditure;Annual variation rate;2016;100,43
Otros;Average expenditure per person;Base data;2022;751
Otros;Average expenditure per person;Base data;2021;726
Otros;Average expenditure per person;Base data;2020;676
Otros;Average expenditure per person;Base data;2019;648
Otros;Average expenditure per person;Base data;2018;784
Otros;Average expenditure per person;Base data;2017;628
Otros;Average expenditure per person;Base data;2016;751
Otros;Average expenditure per person;Annual variation rate;2022;3,33
Otros;Average expenditure per person;Annual variation rate;2021;7,4
Otros;Average expenditure per person;Annual variation rate;2020;4,41
Otros;Average expenditure per person;Annual variation rate;2019;-17,36
Otros;Average expenditure per person;Annual variation rate;2018;24,85
Otros;Average expenditure per person;Annual variation rate;2017;-16,4
Otros;Average expenditure per person;Annual variation rate;2016;14,92
Otros;Average daily expenditure per person.;Base data;2022;159
Otros;Average daily expenditure per person.;Base data;2021;126
Otros;Average daily expenditure per person.;Base data;2020;93
Otros;Average daily expenditure per person.;Base data;2019;111
Otros;Average daily expenditure per person.;Base data;2018;125
Otros;Average daily expenditure per person.;Base data;2017;114
Otros;Average daily expenditure per person.;Base data;2016;93
Otros;Average daily expenditure per person.;Annual variation rate;2022;26,15
Otros;Average daily expenditure per person.;Annual variation rate;2021;34,78
Otros;Average daily expenditure per person.;Annual variation rate;2020;-16,08
Otros;Average daily expenditure per person.;Annual variation rate;2019;-10,86
Otros;Average daily expenditure per person.;Annual variation rate;2018;9,86
Otros;Average daily expenditure per person.;Annual variation rate;2017;21,73
Otros;Average daily expenditure per person.;Annual variation rate;2016;0,89
Otros;Average duration of the trips;Base data;2022;4,73
Otros;Average duration of the trips;Base data;2021;5,78
Otros;Average duration of the trips;Base data;2020;7,25
Otros;Average duration of the trips;Base data;2019;5,83
Otros;Average duration of the trips;Base data;2018;6,28
Otros;Average duration of the trips;Base data;2017;5,53
Otros;Average duration of the trips;Base data;2016;8,05
Otros;Average duration of the trips;Annual variation rate;2022;-18,09
Otros;Average duration of the trips;Annual variation rate;2021;-20,32
Otros;Average duration of the trips;Annual variation rate;2020;24,42
Otros;Average duration of the trips;Annual variation rate;2019;-7,28
Otros;Average duration of the trips;Annual variation rate;2018;13,65
Otros;Average duration of the trips;Annual variation rate;2017;-31,33
Otros;Average duration of the trips;Annual variation rate;2016;13,9
